-- Create extensions
CREATE EXTENSION IF NOT EXISTS "uuid-ossp";

-- Create energy_data table
CREATE TABLE IF NOT EXISTS energy_data (
    id SERIAL PRIMARY KEY,
    timestamp TIMESTAMP NOT NULL,
    solar_radiation FLOAT NOT NULL,
    temperature FLOAT NOT NULL,
    humidity FLOAT NOT NULL,
    wind_speed FLOAT NOT NULL,
    energy_produced FLOAT NOT NULL,
    source VARCHAR(50) DEFAULT 'mixed',
    location VARCHAR(255) NOT NULL,
    latitude FLOAT NOT NULL,
    longitude FLOAT NOT NULL,
    created_at TIMESTAMP DEFAULT CURRENT_TIMESTAMP,
    updated_at TIMESTAMP DEFAULT CURRENT_TIMESTAMP
);

-- Create water_data table
CREATE TABLE IF NOT EXISTS water_data (
    id SERIAL PRIMARY KEY,
    timestamp TIMESTAMP NOT NULL,
    consumption FLOAT NOT NULL,
    sector VARCHAR(50) CHECK (sector IN ('domestic', 'industrial', 'agricultural', 'other')),
    region VARCHAR(255) NOT NULL,
    population INTEGER NOT NULL,
    rainfall FLOAT NOT NULL,
    temperature FLOAT NOT NULL,
    created_at TIMESTAMP DEFAULT CURRENT_TIMESTAMP,
    updated_at TIMESTAMP DEFAULT CURRENT_TIMESTAMP
);

-- Create dam_data table
CREATE TABLE IF NOT EXISTS dam_data (
    id SERIAL PRIMARY KEY,
    name VARCHAR(255) NOT NULL,
    location VARCHAR(255) NOT NULL,
    capacity FLOAT NOT NULL,
    current_level FLOAT NOT NULL,
    fill_percentage FLOAT NOT NULL,
    inflow FLOAT NOT NULL,
    outflow FLOAT NOT NULL,
    timestamp TIMESTAMP NOT NULL,
    latitude FLOAT NOT NULL,
    longitude FLOAT NOT NULL,
    created_at TIMESTAMP DEFAULT CURRENT_TIMESTAMP,
    updated_at TIMESTAMP DEFAULT CURRENT_TIMESTAMP
);

-- Create forecasts table
CREATE TABLE IF NOT EXISTS forecasts (
    id SERIAL PRIMARY KEY,
    type VARCHAR(20) CHECK (type IN ('energy', 'water', 'dam')),
    target_date TIMESTAMP NOT NULL,
    predicted_value FLOAT NOT NULL,
    confidence FLOAT NOT NULL,
    model_used VARCHAR(100) NOT NULL,
    parameters JSONB DEFAULT '{}',
    created_at TIMESTAMP DEFAULT CURRENT_TIMESTAMP,
    updated_at TIMESTAMP DEFAULT CURRENT_TIMESTAMP
);

-- Create alerts table
CREATE TABLE IF NOT EXISTS alerts (
    id SERIAL PRIMARY KEY,
    type VARCHAR(20) CHECK (type IN ('warning', 'critical', 'info')),
    category VARCHAR(50) CHECK (category IN ('energy', 'water', 'dam', 'optimization')),
    title VARCHAR(255) NOT NULL,
    message TEXT NOT NULL,
    severity INTEGER NOT NULL CHECK (severity BETWEEN 1 AND 10),
    is_active BOOLEAN DEFAULT TRUE,
    resolved_at TIMESTAMP,
    metadata JSONB DEFAULT '{}',
    created_at TIMESTAMP DEFAULT CURRENT_TIMESTAMP,
    updated_at TIMESTAMP DEFAULT CURRENT_TIMESTAMP
);

-- Create optimization_scenarios table
CREATE TABLE IF NOT EXISTS optimization_scenarios (
    id SERIAL PRIMARY KEY,
    scenario_name VARCHAR(255) NOT NULL,
    scenario_type VARCHAR(50) CHECK (scenario_type IN ('low_rainfall', 'high_demand', 'low_solar', 'peak_hours', 'drought', 'custom')),
    target_date TIMESTAMP NOT NULL,
    energy_demand FLOAT NOT NULL,
    water_demand FLOAT NOT NULL,
    solar_capacity FLOAT NOT NULL,
    dam_level FLOAT NOT NULL,
    optimized_energy_allocation FLOAT NOT NULL,
    optimized_water_allocation FLOAT NOT NULL,
    efficiency FLOAT NOT NULL,
    cost FLOAT NOT NULL,
    parameters JSONB DEFAULT '{}',
    recommendations TEXT NOT NULL,
    status VARCHAR(20) CHECK (status IN ('pending', 'completed', 'failed')) DEFAULT 'pending',
    created_at TIMESTAMP DEFAULT CURRENT_TIMESTAMP,
    updated_at TIMESTAMP DEFAULT CURRENT_TIMESTAMP
);

-- Create model_metrics table
CREATE TABLE IF NOT EXISTS model_metrics (
    id SERIAL PRIMARY KEY,
    model_type VARCHAR(20) CHECK (model_type IN ('LSTM', 'Prophet')),
    target_variable VARCHAR(20) CHECK (target_variable IN ('energy', 'water', 'dam')),
    rmse FLOAT NOT NULL,
    mae FLOAT NOT NULL,
    mape FLOAT NOT NULL,
    r2_score FLOAT NOT NULL,
    training_samples INTEGER NOT NULL,
    testing_samples INTEGER NOT NULL,
    training_date TIMESTAMP NOT NULL,
    version VARCHAR(50) NOT NULL,
    parameters JSONB DEFAULT '{}',
    status VARCHAR(20) CHECK (status IN ('active', 'deprecated', 'testing')) DEFAULT 'active',
    created_at TIMESTAMP DEFAULT CURRENT_TIMESTAMP,
    updated_at TIMESTAMP DEFAULT CURRENT_TIMESTAMP
);

-- Create indexes
CREATE INDEX idx_energy_timestamp ON energy_data(timestamp);
CREATE INDEX idx_energy_location ON energy_data(location);

CREATE INDEX idx_water_timestamp ON water_data(timestamp);
CREATE INDEX idx_water_sector ON water_data(sector);
CREATE INDEX idx_water_region ON water_data(region);

CREATE INDEX idx_dam_name ON dam_data(name);
CREATE INDEX idx_dam_timestamp ON dam_data(timestamp);

CREATE INDEX idx_forecast_type ON forecasts(type);
CREATE INDEX idx_forecast_target_date ON forecasts(target_date);

CREATE INDEX idx_alert_type ON alerts(type);
CREATE INDEX idx_alert_category ON alerts(category);
CREATE INDEX idx_alert_active ON alerts(is_active);

CREATE INDEX idx_optimization_type ON optimization_scenarios(scenario_type);
CREATE INDEX idx_optimization_target_date ON optimization_scenarios(target_date);
CREATE INDEX idx_optimization_status ON optimization_scenarios(status);

CREATE INDEX idx_model_type_target ON model_metrics(model_type, target_variable);
CREATE INDEX idx_model_status ON model_metrics(status);


-- GERÇEK VERİLER: 2026 Ocak - Mayıs (151 gün)
INSERT INTO energy_data (timestamp, solar_radiation, temperature, humidity, wind_speed, energy_produced, source, location, latitude, longitude) VALUES
('2026-01-01T00:00:00Z', 2673.25, 10.8, 45, 5.0, 641.58, 'mixed', 'Ankara', 39.9334, 32.8597),
('2026-01-02T00:00:00Z', 2744.25, 10.5, 42, 3.8, 658.62, 'mixed', 'Ankara', 39.9334, 32.8597),
('2026-01-03T00:00:00Z', 3038.25, 13.4, 54, 5.1, 729.18, 'mixed', 'Ankara', 39.9334, 32.8597),
('2026-01-04T00:00:00Z', 2523.75, 9.7, 51, 5.7, 605.70, 'mixed', 'Ankara', 39.9334, 32.8597),
('2026-01-05T00:00:00Z', 2697.00, 10.8, 43, 4.3, 647.28, 'mixed', 'Ankara', 39.9334, 32.8597),
('2026-01-06T00:00:00Z', 3032.00, 12.2, 59, 4.5, 727.68, 'mixed', 'Ankara', 39.9334, 32.8597),
('2026-01-07T00:00:00Z', 2813.00, 10.6, 45, 3.5, 675.12, 'mixed', 'Ankara', 39.9334, 32.8597),
('2026-01-08T00:00:00Z', 1843.00, 13.0, 60, 4.5, 442.32, 'mixed', 'Ankara', 39.9334, 32.8597),
('2026-01-09T00:00:00Z', 3473.50, 13.3, 55, 5.8, 833.64, 'mixed', 'Ankara', 39.9334, 32.8597),
('2026-01-10T00:00:00Z', 2567.50, 13.3, 48, 2.4, 616.20, 'mixed', 'Ankara', 39.9334, 32.8597),
('2026-01-11T00:00:00Z', 3972.25, 10.0, 48, 4.1, 953.34, 'mixed', 'Ankara', 39.9334, 32.8597),
('2026-01-12T00:00:00Z', 3301.75, 9.8, 51, 5.0, 792.42, 'mixed', 'Ankara', 39.9334, 32.8597),
('2026-01-13T00:00:00Z', 3035.50, 12.8, 54, 4.6, 728.52, 'mixed', 'Ankara', 39.9334, 32.8597),
('2026-01-14T00:00:00Z', 3261.25, 9.5, 50, 3.1, 782.70, 'mixed', 'Ankara', 39.9334, 32.8597),
('2026-01-15T00:00:00Z', 3029.00, 9.8, 59, 2.0, 726.96, 'mixed', 'Ankara', 39.9334, 32.8597),
('2026-01-16T00:00:00Z', 2881.75, 12.3, 57, 4.7, 691.62, 'mixed', 'Ankara', 39.9334, 32.8597),
('2026-01-17T00:00:00Z', 3270.50, 12.6, 48, 3.5, 784.92, 'mixed', 'Ankara', 39.9334, 32.8597),
('2026-01-18T00:00:00Z', 3650.75, 11.1, 41, 2.6, 876.18, 'mixed', 'Ankara', 39.9334, 32.8597),
('2026-01-19T00:00:00Z', 3017.75, 8.0, 50, 5.6, 724.26, 'mixed', 'Ankara', 39.9334, 32.8597),
('2026-01-20T00:00:00Z', 2980.50, 10.5, 46, 2.4, 715.32, 'mixed', 'Ankara', 39.9334, 32.8597),
('2026-01-21T00:00:00Z', 3155.50, 8.1, 49, 5.6, 757.32, 'mixed', 'Ankara', 39.9334, 32.8597),
('2026-01-22T00:00:00Z', 3851.00, 12.8, 43, 3.8, 924.24, 'mixed', 'Ankara', 39.9334, 32.8597),
('2026-01-23T00:00:00Z', 4143.00, 13.5, 58, 3.9, 994.32, 'mixed', 'Ankara', 39.9334, 32.8597),
('2026-01-24T00:00:00Z', 3639.25, 13.4, 41, 4.8, 873.42, 'mixed', 'Ankara', 39.9334, 32.8597),
('2026-01-25T00:00:00Z', 3790.75, 9.3, 43, 5.4, 909.78, 'mixed', 'Ankara', 39.9334, 32.8597),
('2026-01-26T00:00:00Z', 3226.75, 11.7, 44, 3.3, 774.42, 'mixed', 'Ankara', 39.9334, 32.8597),
('2026-01-27T00:00:00Z', 4021.75, 12.0, 49, 5.3, 965.22, 'mixed', 'Ankara', 39.9334, 32.8597),
('2026-01-28T00:00:00Z', 3900.75, 12.1, 56, 3.6, 936.18, 'mixed', 'Ankara', 39.9334, 32.8597),
('2026-01-29T00:00:00Z', 3311.50, 9.7, 42, 2.8, 794.76, 'mixed', 'Ankara', 39.9334, 32.8597),
('2026-01-30T00:00:00Z', 2814.50, 11.0, 54, 5.0, 675.48, 'mixed', 'Ankara', 39.9334, 32.8597),
('2026-01-31T00:00:00Z', 3139.75, 8.9, 48, 5.3, 753.54, 'mixed', 'Ankara', 39.9334, 32.8597),
('2026-02-01T00:00:00Z', 3457.00, 17.7, 42, 3.2, 829.68, 'mixed', 'Ankara', 39.9334, 32.8597),
('2026-02-02T00:00:00Z', 4414.25, 18.4, 59, 5.1, 1059.42, 'mixed', 'Ankara', 39.9334, 32.8597),
('2026-02-03T00:00:00Z', 4651.50, 18.0, 43, 4.2, 1116.36, 'mixed', 'Ankara', 39.9334, 32.8597),
('2026-02-04T00:00:00Z', 3697.00, 19.3, 44, 4.6, 887.28, 'mixed', 'Ankara', 39.9334, 32.8597),
('2026-02-05T00:00:00Z', 3754.50, 18.2, 44, 5.1, 901.08, 'mixed', 'Ankara', 39.9334, 32.8597),
('2026-02-06T00:00:00Z', 4130.75, 17.1, 40, 5.0, 991.38, 'mixed', 'Ankara', 39.9334, 32.8597),
('2026-02-07T00:00:00Z', 4047.75, 18.2, 44, 2.7, 971.46, 'mixed', 'Ankara', 39.9334, 32.8597),
('2026-02-08T00:00:00Z', 4548.75, 17.3, 42, 3.9, 1091.70, 'mixed', 'Ankara', 39.9334, 32.8597),
('2026-02-09T00:00:00Z', 3863.50, 16.2, 48, 6.0, 927.24, 'mixed', 'Ankara', 39.9334, 32.8597),
('2026-02-10T00:00:00Z', 4641.25, 14.0, 51, 2.5, 1113.90, 'mixed', 'Ankara', 39.9334, 32.8597),
('2026-02-11T00:00:00Z', 4088.75, 16.4, 47, 5.7, 981.30, 'mixed', 'Ankara', 39.9334, 32.8597),
('2026-02-12T00:00:00Z', 4677.00, 16.9, 46, 5.3, 1122.48, 'mixed', 'Ankara', 39.9334, 32.8597),
('2026-02-13T00:00:00Z', 4156.25, 18.7, 59, 2.6, 997.50, 'mixed', 'Ankara', 39.9334, 32.8597),
('2026-02-14T00:00:00Z', 4026.75, 13.1, 50, 3.0, 966.42, 'mixed', 'Ankara', 39.9334, 32.8597),
('2026-02-15T00:00:00Z', 5331.25, 19.0, 57, 3.9, 1279.50, 'mixed', 'Ankara', 39.9334, 32.8597),
('2026-02-16T00:00:00Z', 4949.25, 16.5, 58, 5.5, 1187.82, 'mixed', 'Ankara', 39.9334, 32.8597),
('2026-02-17T00:00:00Z', 3562.25, 18.2, 53, 4.2, 854.94, 'mixed', 'Ankara', 39.9334, 32.8597),
('2026-02-18T00:00:00Z', 4276.50, 19.7, 44, 3.6, 1026.36, 'mixed', 'Ankara', 39.9334, 32.8597),
('2026-02-19T00:00:00Z', 5144.25, 12.9, 59, 2.7, 1234.62, 'mixed', 'Ankara', 39.9334, 32.8597),
('2026-02-20T00:00:00Z', 3985.00, 17.3, 45, 3.1, 956.40, 'mixed', 'Ankara', 39.9334, 32.8597),
('2026-02-21T00:00:00Z', 5010.25, 18.0, 56, 4.5, 1202.46, 'mixed', 'Ankara', 39.9334, 32.8597),
('2026-02-22T00:00:00Z', 5000.25, 16.0, 55, 2.7, 1200.06, 'mixed', 'Ankara', 39.9334, 32.8597),
('2026-02-23T00:00:00Z', 4358.75, 18.0, 55, 4.0, 1046.10, 'mixed', 'Ankara', 39.9334, 32.8597),
('2026-02-24T00:00:00Z', 4745.50, 18.8, 44, 5.4, 1138.92, 'mixed', 'Ankara', 39.9334, 32.8597),
('2026-02-25T00:00:00Z', 3746.75, 12.8, 46, 3.0, 899.22, 'mixed', 'Ankara', 39.9334, 32.8597),
('2026-02-26T00:00:00Z', 5718.50, 19.9, 48, 4.2, 1372.44, 'mixed', 'Ankara', 39.9334, 32.8597),
('2026-02-27T00:00:00Z', 4720.50, 13.1, 42, 4.6, 1132.92, 'mixed', 'Ankara', 39.9334, 32.8597),
('2026-02-28T00:00:00Z', 5318.50, 12.6, 51, 5.8, 1276.44, 'mixed', 'Ankara', 39.9334, 32.8597),
('2026-03-01T00:00:00Z', 5265.25, 15.4, 53, 2.7, 1263.66, 'mixed', 'Ankara', 39.9334, 32.8597),
('2026-03-02T00:00:00Z', 5679.00, 16.5, 59, 3.5, 1362.96, 'mixed', 'Ankara', 39.9334, 32.8597),
('2026-03-03T00:00:00Z', 4825.00, 16.4, 45, 4.2, 1158.00, 'mixed', 'Ankara', 39.9334, 32.8597),
('2026-03-04T00:00:00Z', 5185.25, 22.3, 52, 3.7, 1244.46, 'mixed', 'Ankara', 39.9334, 32.8597),
('2026-03-05T00:00:00Z', 5404.50, 16.6, 46, 4.0, 1297.08, 'mixed', 'Ankara', 39.9334, 32.8597),
('2026-03-06T00:00:00Z', 5603.00, 20.4, 48, 3.7, 1344.72, 'mixed', 'Ankara', 39.9334, 32.8597),
('2026-03-07T00:00:00Z', 5785.50, 16.2, 50, 5.3, 1388.52, 'mixed', 'Ankara', 39.9334, 32.8597),
('2026-03-08T00:00:00Z', 5011.25, 18.1, 50, 2.1, 1202.70, 'mixed', 'Ankara', 39.9334, 32.8597),
('2026-03-09T00:00:00Z', 4959.50, 19.3, 47, 2.4, 1190.28, 'mixed', 'Ankara', 39.9334, 32.8597),
('2026-03-10T00:00:00Z', 6013.50, 17.7, 46, 4.9, 1443.24, 'mixed', 'Ankara', 39.9334, 32.8597),
('2026-03-11T00:00:00Z', 4356.50, 24.4, 57, 2.5, 1045.56, 'mixed', 'Ankara', 39.9334, 32.8597),
('2026-03-12T00:00:00Z', 6201.75, 18.3, 40, 5.4, 1488.42, 'mixed', 'Ankara', 39.9334, 32.8597),
('2026-03-13T00:00:00Z', 5307.25, 15.2, 50, 4.7, 1273.74, 'mixed', 'Ankara', 39.9334, 32.8597),
('2026-03-14T00:00:00Z', 5497.75, 22.8, 41, 5.4, 1319.46, 'mixed', 'Ankara', 39.9334, 32.8597),
('2026-03-15T00:00:00Z', 5200.50, 21.2, 45, 3.5, 1248.12, 'mixed', 'Ankara', 39.9334, 32.8597),
('2026-03-16T00:00:00Z', 5559.25, 19.4, 60, 2.6, 1334.22, 'mixed', 'Ankara', 39.9334, 32.8597),
('2026-03-17T00:00:00Z', 6260.50, 22.9, 44, 5.9, 1502.52, 'mixed', 'Ankara', 39.9334, 32.8597),
('2026-03-18T00:00:00Z', 6052.00, 22.6, 40, 3.9, 1452.48, 'mixed', 'Ankara', 39.9334, 32.8597),
('2026-03-19T00:00:00Z', 5954.75, 23.7, 49, 2.2, 1429.14, 'mixed', 'Ankara', 39.9334, 32.8597),
('2026-03-20T00:00:00Z', 5794.50, 15.8, 44, 3.6, 1390.68, 'mixed', 'Ankara', 39.9334, 32.8597),
('2026-03-21T00:00:00Z', 5068.75, 22.5, 45, 5.6, 1216.50, 'mixed', 'Ankara', 39.9334, 32.8597),
('2026-03-22T00:00:00Z', 5411.25, 18.7, 42, 2.8, 1298.70, 'mixed', 'Ankara', 39.9334, 32.8597),
('2026-03-23T00:00:00Z', 5703.50, 15.4, 46, 2.2, 1368.84, 'mixed', 'Ankara', 39.9334, 32.8597),
('2026-03-24T00:00:00Z', 6145.50, 16.3, 51, 5.5, 1474.92, 'mixed', 'Ankara', 39.9334, 32.8597),
('2026-03-25T00:00:00Z', 5993.25, 22.4, 55, 2.8, 1438.38, 'mixed', 'Ankara', 39.9334, 32.8597),
('2026-03-26T00:00:00Z', 6491.75, 24.1, 55, 3.4, 1558.02, 'mixed', 'Ankara', 39.9334, 32.8597),
('2026-03-27T00:00:00Z', 6278.50, 20.1, 48, 4.1, 1506.84, 'mixed', 'Ankara', 39.9334, 32.8597),
('2026-03-28T00:00:00Z', 6110.50, 18.2, 44, 2.8, 1466.52, 'mixed', 'Ankara', 39.9334, 32.8597),
('2026-03-29T00:00:00Z', 7263.00, 23.8, 47, 3.2, 1743.12, 'mixed', 'Ankara', 39.9334, 32.8597),
('2026-03-30T00:00:00Z', 6369.75, 22.9, 49, 2.6, 1528.74, 'mixed', 'Ankara', 39.9334, 32.8597),
('2026-03-31T00:00:00Z', 5992.25, 17.3, 57, 4.8, 1438.14, 'mixed', 'Ankara', 39.9334, 32.8597),
('2026-04-01T00:00:00Z', 7180.00, 18.2, 46, 4.5, 1723.20, 'mixed', 'Ankara', 39.9334, 32.8597),
('2026-04-02T00:00:00Z', 6891.75, 15.1, 45, 5.5, 1654.02, 'mixed', 'Ankara', 39.9334, 32.8597),
('2026-04-03T00:00:00Z', 7241.50, 17.2, 43, 3.7, 1737.96, 'mixed', 'Ankara', 39.9334, 32.8597),
('2026-04-04T00:00:00Z', 6319.50, 19.6, 53, 3.4, 1516.68, 'mixed', 'Ankara', 39.9334, 32.8597),
('2026-04-05T00:00:00Z', 6904.75, 17.1, 40, 2.3, 1657.14, 'mixed', 'Ankara', 39.9334, 32.8597),
('2026-04-06T00:00:00Z', 5732.00, 24.3, 52, 4.1, 1375.68, 'mixed', 'Ankara', 39.9334, 32.8597),
('2026-04-07T00:00:00Z', 6892.00, 23.9, 41, 4.5, 1654.08, 'mixed', 'Ankara', 39.9334, 32.8597),
('2026-04-08T00:00:00Z', 6462.75, 23.0, 56, 5.3, 1551.06, 'mixed', 'Ankara', 39.9334, 32.8597),
('2026-04-09T00:00:00Z', 5905.75, 24.4, 57, 3.6, 1417.38, 'mixed', 'Ankara', 39.9334, 32.8597),
('2026-04-10T00:00:00Z', 7141.25, 16.1, 47, 4.8, 1713.90, 'mixed', 'Ankara', 39.9334, 32.8597),
('2026-04-11T00:00:00Z', 5761.50, 19.7, 55, 3.7, 1382.76, 'mixed', 'Ankara', 39.9334, 32.8597),
('2026-04-12T00:00:00Z', 5752.00, 24.0, 47, 3.9, 1380.48, 'mixed', 'Ankara', 39.9334, 32.8597),
('2026-04-13T00:00:00Z', 6931.25, 21.5, 54, 4.1, 1663.50, 'mixed', 'Ankara', 39.9334, 32.8597),
('2026-04-14T00:00:00Z', 7077.25, 15.8, 50, 4.0, 1698.54, 'mixed', 'Ankara', 39.9334, 32.8597),
('2026-04-15T00:00:00Z', 7318.50, 22.0, 49, 3.4, 1756.44, 'mixed', 'Ankara', 39.9334, 32.8597),
('2026-04-16T00:00:00Z', 7246.00, 24.3, 42, 4.4, 1739.04, 'mixed', 'Ankara', 39.9334, 32.8597),
('2026-04-17T00:00:00Z', 7655.00, 22.8, 51, 5.3, 1837.20, 'mixed', 'Ankara', 39.9334, 32.8597),
('2026-04-18T00:00:00Z', 7308.50, 20.0, 46, 4.3, 1754.04, 'mixed', 'Ankara', 39.9334, 32.8597),
('2026-04-19T00:00:00Z', 6933.75, 22.2, 58, 3.6, 1664.10, 'mixed', 'Ankara', 39.9334, 32.8597),
('2026-04-20T00:00:00Z', 7004.75, 21.3, 51, 3.2, 1681.14, 'mixed', 'Ankara', 39.9334, 32.8597),
('2026-04-21T00:00:00Z', 6942.25, 22.3, 53, 4.5, 1666.14, 'mixed', 'Ankara', 39.9334, 32.8597),
('2026-04-22T00:00:00Z', 1454.55, 18.7, 46, 3.4, 503.74, 'mixed', 'Ankara', 39.9334, 32.8597),
('2026-04-23T00:00:00Z', 1323.60, 21.8, 53, 5.0, 499.83, 'mixed', 'Ankara', 39.9334, 32.8597),
('2026-04-24T00:00:00Z', 1475.75, 15.7, 41, 3.5, 526.70, 'mixed', 'Ankara', 39.9334, 32.8597),
('2026-04-25T00:00:00Z', 1441.35, 16.7, 40, 5.5, 517.24, 'mixed', 'Ankara', 39.9334, 32.8597),
('2026-04-26T00:00:00Z', 1485.90, 22.2, 52, 3.5, 546.92, 'mixed', 'Ankara', 39.9334, 32.8597),
('2026-04-27T00:00:00Z', 1494.55, 20.0, 60, 3.8, 554.17, 'mixed', 'Ankara', 39.9334, 32.8597),
('2026-04-28T00:00:00Z', 1229.75, 17.2, 49, 2.4, 496.52, 'mixed', 'Ankara', 39.9334, 32.8597),
('2026-04-29T00:00:00Z', 1393.20, 19.8, 45, 5.3, 507.12, 'mixed', 'Ankara', 39.9334, 32.8597),
('2026-04-30T00:00:00Z', 1480.80, 16.6, 42, 4.5, 572.33, 'mixed', 'Ankara', 39.9334, 32.8597),
('2026-05-01T00:00:00Z', 1494.45, 15.2, 42, 2.6, 512.34, 'mixed', 'Ankara', 39.9334, 32.8597),
('2026-05-02T00:00:00Z', 1534.25, 21.3, 52, 4.3, 531.69, 'mixed', 'Ankara', 39.9334, 32.8597),
('2026-05-03T00:00:00Z', 1546.90, 21.4, 52, 5.5, 552.59, 'mixed', 'Ankara', 39.9334, 32.8597),
('2026-05-04T00:00:00Z', 1676.60, 17.8, 58, 4.8, 577.66, 'mixed', 'Ankara', 39.9334, 32.8597),
('2026-05-05T00:00:00Z', 1564.60, 18.3, 51, 3.4, 561.57, 'mixed', 'Ankara', 39.9334, 32.8597),
('2026-05-06T00:00:00Z', 1510.35, 20.5, 43, 4.1, 567.44, 'mixed', 'Ankara', 39.9334, 32.8597),
('2026-05-07T00:00:00Z', 1390.10, 18.1, 42, 2.1, 518.22, 'mixed', 'Ankara', 39.9334, 32.8597),
('2026-05-08T00:00:00Z', 1421.45, 22.6, 43, 4.6, 528.33, 'mixed', 'Ankara', 39.9334, 32.8597),
('2026-05-09T00:00:00Z', 1620.20, 15.5, 58, 2.2, 557.79, 'mixed', 'Ankara', 39.9334, 32.8597),
('2026-05-10T00:00:00Z', 1681.05, 16.9, 52, 6.0, 588.03, 'mixed', 'Ankara', 39.9334, 32.8597),
('2026-05-11T00:00:00Z', 1737.45, 21.8, 49, 3.4, 586.05, 'mixed', 'Ankara', 39.9334, 32.8597),
('2026-05-12T00:00:00Z', 1508.90, 18.6, 52, 4.6, 540.66, 'mixed', 'Ankara', 39.9334, 32.8597),
('2026-05-13T00:00:00Z', 1569.60, 24.4, 58, 4.0, 566.07, 'mixed', 'Ankara', 39.9334, 32.8597),
('2026-05-14T00:00:00Z', 1632.55, 23.4, 40, 3.1, 586.37, 'mixed', 'Ankara', 39.9334, 32.8597),
('2026-05-15T00:00:00Z', 1821.40, 17.5, 59, 2.8, 575.83, 'mixed', 'Ankara', 39.9334, 32.8597),
('2026-05-16T00:00:00Z', 1636.50, 16.8, 41, 4.3, 577.71, 'mixed', 'Ankara', 39.9334, 32.8597),
('2026-05-17T00:00:00Z', 1788.45, 16.9, 57, 2.4, 598.97, 'mixed', 'Ankara', 39.9334, 32.8597),
('2026-05-18T00:00:00Z', 1658.65, 16.8, 59, 2.7, 591.61, 'mixed', 'Ankara', 39.9334, 32.8597),
('2026-05-19T00:00:00Z', 1765.30, 15.1, 45, 3.3, 595.31, 'mixed', 'Ankara', 39.9334, 32.8597),
('2026-05-20T00:00:00Z', 1761.00, 16.6, 55, 5.3, 618.05, 'mixed', 'Ankara', 39.9334, 32.8597),
('2026-05-21T00:00:00Z', 1683.30, 20.1, 40, 5.0, 573.18, 'mixed', 'Ankara', 39.9334, 32.8597),
('2026-05-22T00:00:00Z', 1572.95, 23.6, 47, 4.8, 528.14, 'mixed', 'Ankara', 39.9334, 32.8597),
('2026-05-23T00:00:00Z', 1656.40, 22.0, 60, 2.9, 594.39, 'mixed', 'Ankara', 39.9334, 32.8597),
('2026-05-24T00:00:00Z', 1840.55, 15.7, 53, 2.1, 603.12, 'mixed', 'Ankara', 39.9334, 32.8597),
('2026-05-25T00:00:00Z', 1787.80, 24.9, 49, 3.5, 581.86, 'mixed', 'Ankara', 39.9334, 32.8597),
('2026-05-26T00:00:00Z', 1664.95, 18.7, 50, 3.0, 581.56, 'mixed', 'Ankara', 39.9334, 32.8597),
('2026-05-27T00:00:00Z', 1682.45, 22.1, 51, 2.7, 581.57, 'mixed', 'Ankara', 39.9334, 32.8597),
('2026-05-28T00:00:00Z', 1551.90, 24.4, 49, 3.8, 571.73, 'mixed', 'Ankara', 39.9334, 32.8597),
('2026-05-29T00:00:00Z', 1877.75, 20.8, 56, 5.7, 638.27, 'mixed', 'Ankara', 39.9334, 32.8597),
('2026-05-30T00:00:00Z', 1830.25, 20.0, 51, 2.0, 617.15, 'mixed', 'Ankara', 39.9334, 32.8597),
('2026-05-31T00:00:00Z', 1736.30, 24.8, 56, 2.0, 583.99, 'mixed', 'Ankara', 39.9334, 32.8597);

INSERT INTO water_data (timestamp, consumption, sector, region, population, rainfall, temperature) VALUES
('2026-01-01T00:00:00Z', 48517, 'domestic', 'Ankara', 5500000, 10.27, 10.8),
('2026-01-02T00:00:00Z', 48134, 'domestic', 'Ankara', 5500000, 0.87, 10.5),
('2026-01-03T00:00:00Z', 48700, 'domestic', 'Ankara', 5500000, 1.74, 13.4),
('2026-01-04T00:00:00Z', 45939, 'domestic', 'Ankara', 5500000, 22.52, 9.7),
('2026-01-05T00:00:00Z', 46631, 'domestic', 'Ankara', 5500000, 9.13, 10.8),
('2026-01-06T00:00:00Z', 48106, 'domestic', 'Ankara', 5500000, 0.09, 12.2),
('2026-01-07T00:00:00Z', 49272, 'domestic', 'Ankara', 5500000, 1.04, 10.6),
('2026-01-08T00:00:00Z', 48604, 'domestic', 'Ankara', 5500000, 10.49, 13.0),
('2026-01-09T00:00:00Z', 46850, 'domestic', 'Ankara', 5500000, 0.05, 13.3),
('2026-01-10T00:00:00Z', 45663, 'domestic', 'Ankara', 5500000, 1.67, 13.3),
('2026-01-11T00:00:00Z', 47106, 'domestic', 'Ankara', 5500000, 7.53, 10.0),
('2026-01-12T00:00:00Z', 44252, 'domestic', 'Ankara', 5500000, 11.08, 9.8),
('2026-01-13T00:00:00Z', 44584, 'domestic', 'Ankara', 5500000, 9.88, 12.8),
('2026-01-14T00:00:00Z', 48610, 'domestic', 'Ankara', 5500000, 2.36, 9.5),
('2026-01-15T00:00:00Z', 46453, 'domestic', 'Ankara', 5500000, 11.52, 9.8),
('2026-01-16T00:00:00Z', 44942, 'domestic', 'Ankara', 5500000, 2.49, 12.3),
('2026-01-17T00:00:00Z', 46898, 'domestic', 'Ankara', 5500000, 3.6, 12.6),
('2026-01-18T00:00:00Z', 47560, 'domestic', 'Ankara', 5500000, 12.48, 11.1),
('2026-01-19T00:00:00Z', 44281, 'domestic', 'Ankara', 5500000, 9.48, 8.0),
('2026-01-20T00:00:00Z', 44150, 'domestic', 'Ankara', 5500000, 17.0, 10.5),
('2026-01-21T00:00:00Z', 43762, 'domestic', 'Ankara', 5500000, 9.57, 8.1),
('2026-01-22T00:00:00Z', 46330, 'domestic', 'Ankara', 5500000, 7.46, 12.8),
('2026-01-23T00:00:00Z', 46185, 'domestic', 'Ankara', 5500000, 0.87, 13.5),
('2026-01-24T00:00:00Z', 46765, 'domestic', 'Ankara', 5500000, 4.02, 13.4),
('2026-01-25T00:00:00Z', 45923, 'domestic', 'Ankara', 5500000, 2.69, 9.3),
('2026-01-26T00:00:00Z', 41008, 'domestic', 'Ankara', 5500000, 2.42, 11.7),
('2026-01-27T00:00:00Z', 44290, 'domestic', 'Ankara', 5500000, 31.11, 12.0),
('2026-01-28T00:00:00Z', 41717, 'domestic', 'Ankara', 5500000, 4.27, 12.1),
('2026-01-29T00:00:00Z', 42536, 'domestic', 'Ankara', 5500000, 18.94, 9.7),
('2026-01-30T00:00:00Z', 43605, 'domestic', 'Ankara', 5500000, 8.43, 11.0),
('2026-01-31T00:00:00Z', 44639, 'domestic', 'Ankara', 5500000, 13.3, 8.9),
('2026-02-01T00:00:00Z', 41369, 'domestic', 'Ankara', 5500000, 5.83, 17.7),
('2026-02-02T00:00:00Z', 38626, 'domestic', 'Ankara', 5500000, 7.13, 18.4),
('2026-02-03T00:00:00Z', 42974, 'domestic', 'Ankara', 5500000, 5.59, 18.0),
('2026-02-04T00:00:00Z', 47245, 'domestic', 'Ankara', 5500000, 1.78, 19.3),
('2026-02-05T00:00:00Z', 41959, 'domestic', 'Ankara', 5500000, 10.42, 18.2),
('2026-02-06T00:00:00Z', 42247, 'domestic', 'Ankara', 5500000, 2.66, 17.1),
('2026-02-07T00:00:00Z', 45207, 'domestic', 'Ankara', 5500000, 0.2, 18.2),
('2026-02-08T00:00:00Z', 42901, 'domestic', 'Ankara', 5500000, 8.27, 17.3),
('2026-02-09T00:00:00Z', 42066, 'domestic', 'Ankara', 5500000, 1.54, 16.2),
('2026-02-10T00:00:00Z', 42310, 'domestic', 'Ankara', 5500000, 22.19, 14.0),
('2026-02-11T00:00:00Z', 41802, 'domestic', 'Ankara', 5500000, 24.05, 16.4),
('2026-02-12T00:00:00Z', 39137, 'domestic', 'Ankara', 5500000, 19.12, 16.9),
('2026-02-13T00:00:00Z', 38612, 'domestic', 'Ankara', 5500000, 3.56, 18.7),
('2026-02-14T00:00:00Z', 44261, 'domestic', 'Ankara', 5500000, 0.12, 13.1),
('2026-02-15T00:00:00Z', 41033, 'domestic', 'Ankara', 5500000, 20.03, 19.0),
('2026-02-16T00:00:00Z', 40721, 'domestic', 'Ankara', 5500000, 4.22, 16.5),
('2026-02-17T00:00:00Z', 40216, 'domestic', 'Ankara', 5500000, 25.48, 18.2),
('2026-02-18T00:00:00Z', 41622, 'domestic', 'Ankara', 5500000, 24.65, 19.7),
('2026-02-19T00:00:00Z', 44624, 'domestic', 'Ankara', 5500000, 14.16, 12.9),
('2026-02-20T00:00:00Z', 40835, 'domestic', 'Ankara', 5500000, 2.56, 17.3),
('2026-02-21T00:00:00Z', 38671, 'domestic', 'Ankara', 5500000, 3.54, 18.0),
('2026-02-22T00:00:00Z', 39328, 'domestic', 'Ankara', 5500000, 13.76, 16.0),
('2026-02-23T00:00:00Z', 41333, 'domestic', 'Ankara', 5500000, 2.73, 18.0),
('2026-02-24T00:00:00Z', 38194, 'domestic', 'Ankara', 5500000, 1.32, 18.8),
('2026-02-25T00:00:00Z', 40615, 'domestic', 'Ankara', 5500000, 5.75, 12.8),
('2026-02-26T00:00:00Z', 34742, 'domestic', 'Ankara', 5500000, 19.3, 19.9),
('2026-02-27T00:00:00Z', 38343, 'domestic', 'Ankara', 5500000, 8.29, 13.1),
('2026-02-28T00:00:00Z', 39725, 'domestic', 'Ankara', 5500000, 5.83, 12.6),
('2026-03-01T00:00:00Z', 40718, 'domestic', 'Ankara', 5500000, 0.7, 15.4),
('2026-03-02T00:00:00Z', 36797, 'domestic', 'Ankara', 5500000, 6.49, 16.5),
('2026-03-03T00:00:00Z', 35403, 'domestic', 'Ankara', 5500000, 31.11, 16.4),
('2026-03-04T00:00:00Z', 37477, 'domestic', 'Ankara', 5500000, 1.01, 22.3),
('2026-03-05T00:00:00Z', 35758, 'domestic', 'Ankara', 5500000, 4.85, 16.6),
('2026-03-06T00:00:00Z', 37354, 'domestic', 'Ankara', 5500000, 13.82, 20.4),
('2026-03-07T00:00:00Z', 37032, 'domestic', 'Ankara', 5500000, 8.82, 16.2),
('2026-03-08T00:00:00Z', 34923, 'domestic', 'Ankara', 5500000, 7.74, 18.1),
('2026-03-09T00:00:00Z', 38583, 'domestic', 'Ankara', 5500000, 7.79, 19.3),
('2026-03-10T00:00:00Z', 36690, 'domestic', 'Ankara', 5500000, 2.84, 17.7),
('2026-03-11T00:00:00Z', 38756, 'domestic', 'Ankara', 5500000, 2.2, 24.4),
('2026-03-12T00:00:00Z', 33328, 'domestic', 'Ankara', 5500000, 10.39, 18.3),
('2026-03-13T00:00:00Z', 34656, 'domestic', 'Ankara', 5500000, 10.32, 15.2),
('2026-03-14T00:00:00Z', 37255, 'domestic', 'Ankara', 5500000, 12.43, 22.8),
('2026-03-15T00:00:00Z', 34724, 'domestic', 'Ankara', 5500000, 14.93, 21.2),
('2026-03-16T00:00:00Z', 35704, 'domestic', 'Ankara', 5500000, 4.33, 19.4),
('2026-03-17T00:00:00Z', 36001, 'domestic', 'Ankara', 5500000, 4.18, 22.9),
('2026-03-18T00:00:00Z', 36365, 'domestic', 'Ankara', 5500000, 9.52, 22.6),
('2026-03-19T00:00:00Z', 34940, 'domestic', 'Ankara', 5500000, 6.19, 23.7),
('2026-03-20T00:00:00Z', 36509, 'domestic', 'Ankara', 5500000, 7.07, 15.8),
('2026-03-21T00:00:00Z', 34912, 'domestic', 'Ankara', 5500000, 9.19, 22.5),
('2026-03-22T00:00:00Z', 37614, 'domestic', 'Ankara', 5500000, 12.66, 18.7),
('2026-03-23T00:00:00Z', 36273, 'domestic', 'Ankara', 5500000, 2.34, 15.4),
('2026-03-24T00:00:00Z', 36839, 'domestic', 'Ankara', 5500000, 2.65, 16.3),
('2026-03-25T00:00:00Z', 41266, 'domestic', 'Ankara', 5500000, 0.55, 22.4),
('2026-03-26T00:00:00Z', 34727, 'domestic', 'Ankara', 5500000, 4.77, 24.1),
('2026-03-27T00:00:00Z', 39300, 'domestic', 'Ankara', 5500000, 0.2, 20.1),
('2026-03-28T00:00:00Z', 32093, 'domestic', 'Ankara', 5500000, 3.39, 18.2),
('2026-03-29T00:00:00Z', 33219, 'domestic', 'Ankara', 5500000, 4.19, 23.8),
('2026-03-30T00:00:00Z', 34807, 'domestic', 'Ankara', 5500000, 1.79, 22.9),
('2026-03-31T00:00:00Z', 35000, 'domestic', 'Ankara', 5500000, 4.69, 17.3),
('2026-04-01T00:00:00Z', 37567, 'domestic', 'Ankara', 5500000, 0.16, 18.2),
('2026-04-02T00:00:00Z', 37802, 'domestic', 'Ankara', 5500000, 0.2, 15.1),
('2026-04-03T00:00:00Z', 36901, 'domestic', 'Ankara', 5500000, 8.81, 17.2),
('2026-04-04T00:00:00Z', 37170, 'domestic', 'Ankara', 5500000, 2.25, 19.6),
('2026-04-05T00:00:00Z', 38470, 'domestic', 'Ankara', 5500000, 0.68, 17.1),
('2026-04-06T00:00:00Z', 39100, 'domestic', 'Ankara', 5500000, 3.64, 24.3),
('2026-04-07T00:00:00Z', 35292, 'domestic', 'Ankara', 5500000, 7.17, 23.9),
('2026-04-08T00:00:00Z', 37109, 'domestic', 'Ankara', 5500000, 1.17, 23.0),
('2026-04-09T00:00:00Z', 37715, 'domestic', 'Ankara', 5500000, 4.66, 24.4),
('2026-04-10T00:00:00Z', 38794, 'domestic', 'Ankara', 5500000, 0.42, 16.1),
('2026-04-11T00:00:00Z', 36609, 'domestic', 'Ankara', 5500000, 0.25, 19.7),
('2026-04-12T00:00:00Z', 37919, 'domestic', 'Ankara', 5500000, 3.5, 24.0),
('2026-04-13T00:00:00Z', 38214, 'domestic', 'Ankara', 5500000, 3.55, 21.5),
('2026-04-14T00:00:00Z', 36972, 'domestic', 'Ankara', 5500000, 4.57, 15.8),
('2026-04-15T00:00:00Z', 37009, 'domestic', 'Ankara', 5500000, 5.77, 22.0),
('2026-04-16T00:00:00Z', 38578, 'domestic', 'Ankara', 5500000, 16.38, 24.3),
('2026-04-17T00:00:00Z', 38245, 'domestic', 'Ankara', 5500000, 3.16, 22.8),
('2026-04-18T00:00:00Z', 39461, 'domestic', 'Ankara', 5500000, 1.67, 20.0),
('2026-04-19T00:00:00Z', 36744, 'domestic', 'Ankara', 5500000, 6.72, 22.2),
('2026-04-20T00:00:00Z', 38089, 'domestic', 'Ankara', 5500000, 1.32, 21.3),
('2026-04-21T00:00:00Z', 38388, 'domestic', 'Ankara', 5500000, 2.39, 22.3),
('2026-04-22T00:00:00Z', 40333, 'domestic', 'Ankara', 5500000, 0.33, 18.7),
('2026-04-23T00:00:00Z', 36485, 'domestic', 'Ankara', 5500000, 0.1, 21.8),
('2026-04-24T00:00:00Z', 40276, 'domestic', 'Ankara', 5500000, 13.06, 15.7),
('2026-04-25T00:00:00Z', 40520, 'domestic', 'Ankara', 5500000, 7.09, 16.7),
('2026-04-26T00:00:00Z', 42176, 'domestic', 'Ankara', 5500000, 4.6, 22.2),
('2026-04-27T00:00:00Z', 37479, 'domestic', 'Ankara', 5500000, 2.01, 20.0),
('2026-04-28T00:00:00Z', 38674, 'domestic', 'Ankara', 5500000, 0.72, 17.2),
('2026-04-29T00:00:00Z', 38233, 'domestic', 'Ankara', 5500000, 0.63, 19.8),
('2026-04-30T00:00:00Z', 35808, 'domestic', 'Ankara', 5500000, 1.05, 16.6),
('2026-05-01T00:00:00Z', 43188, 'domestic', 'Ankara', 5500000, 2.87, 15.2),
('2026-05-02T00:00:00Z', 36864, 'domestic', 'Ankara', 5500000, 4.45, 21.3),
('2026-05-03T00:00:00Z', 37672, 'domestic', 'Ankara', 5500000, 3.77, 21.4),
('2026-05-04T00:00:00Z', 42915, 'domestic', 'Ankara', 5500000, 1.13, 17.8),
('2026-05-05T00:00:00Z', 37316, 'domestic', 'Ankara', 5500000, 10.49, 18.3),
('2026-05-06T00:00:00Z', 41451, 'domestic', 'Ankara', 5500000, 4.46, 20.5),
('2026-05-07T00:00:00Z', 36571, 'domestic', 'Ankara', 5500000, 2.65, 18.1),
('2026-05-08T00:00:00Z', 42974, 'domestic', 'Ankara', 5500000, 3.05, 22.6),
('2026-05-09T00:00:00Z', 36373, 'domestic', 'Ankara', 5500000, 1.73, 15.5),
('2026-05-10T00:00:00Z', 36650, 'domestic', 'Ankara', 5500000, 0.89, 16.9),
('2026-05-11T00:00:00Z', 39400, 'domestic', 'Ankara', 5500000, 1.35, 21.8),
('2026-05-12T00:00:00Z', 42084, 'domestic', 'Ankara', 5500000, 4.27, 18.6),
('2026-05-13T00:00:00Z', 40945, 'domestic', 'Ankara', 5500000, 0.04, 24.4),
('2026-05-14T00:00:00Z', 39263, 'domestic', 'Ankara', 5500000, 0.36, 23.4),
('2026-05-15T00:00:00Z', 43211, 'domestic', 'Ankara', 5500000, 0.13, 17.5),
('2026-05-16T00:00:00Z', 45209, 'domestic', 'Ankara', 5500000, 0.12, 16.8),
('2026-05-17T00:00:00Z', 41443, 'domestic', 'Ankara', 5500000, 5.31, 16.9),
('2026-05-18T00:00:00Z', 39469, 'domestic', 'Ankara', 5500000, 3.28, 16.8),
('2026-05-19T00:00:00Z', 39846, 'domestic', 'Ankara', 5500000, 1.7, 15.1),
('2026-05-20T00:00:00Z', 38870, 'domestic', 'Ankara', 5500000, 0.27, 16.6),
('2026-05-21T00:00:00Z', 41572, 'domestic', 'Ankara', 5500000, 1.71, 20.1),
('2026-05-22T00:00:00Z', 38122, 'domestic', 'Ankara', 5500000, 1.59, 23.6),
('2026-05-23T00:00:00Z', 43350, 'domestic', 'Ankara', 5500000, 0.46, 22.0),
('2026-05-24T00:00:00Z', 45234, 'domestic', 'Ankara', 5500000, 1.35, 15.7),
('2026-05-25T00:00:00Z', 43596, 'domestic', 'Ankara', 5500000, 1.18, 24.9),
('2026-05-26T00:00:00Z', 39793, 'domestic', 'Ankara', 5500000, 2.17, 18.7),
('2026-05-27T00:00:00Z', 41856, 'domestic', 'Ankara', 5500000, 2.23, 22.1),
('2026-05-28T00:00:00Z', 44361, 'domestic', 'Ankara', 5500000, 0.1, 24.4),
('2026-05-29T00:00:00Z', 44516, 'domestic', 'Ankara', 5500000, 0.99, 20.8),
('2026-05-30T00:00:00Z', 39755, 'domestic', 'Ankara', 5500000, 2.02, 20.0),
('2026-05-31T00:00:00Z', 42851, 'domestic', 'Ankara', 5500000, 1.4, 24.8);

-- BARAJ VERİLERİ (5 gerçek baraj)
INSERT INTO dam_data (name, location, capacity, current_level, fill_percentage, inflow, outflow, timestamp, latitude, longitude) VALUES
('Ürkmez Barajı', 'İzmir', 8625000, 7825000, 97.55, 120, 85, '2026-05-31T00:00:00Z', 38.1, 27.0),
('Tahtalı Barajı', 'İzmir', 30665000, 171851000, 53.04, 200, 150, '2026-05-31T00:00:00Z', 38.3, 27.1),
('Balçova Barajı', 'İzmir', 7759000, 7584000, 97.70, 90, 70, '2026-05-31T00:00:00Z', 38.4, 27.1),
('Gördes Barajı', 'Manisa', 473000000, 190959000, 40.07, 350, 280, '2026-05-31T00:00:00Z', 38.9, 28.3),
('Alaçatı Kutlu Aktaş Barajı', 'İzmir', 16500000, 13584000, 81.77, 100, 75, '2026-05-31T00:00:00Z', 38.3, 26.4);

-- Uyarılar
INSERT INTO alerts (type, category, title, message, severity) VALUES 
('warning', 'dam', 'Baraj Seviyesi Düşüyor', 'Gördes Barajı doluluk oranı %40 seviyesine düştü', 7),
('info', 'energy', 'Yüksek Üretim Bekleniyor', 'Gelecek hafta güneş radyasyonu ortalamanın üzerinde', 3),
('critical', 'water', 'Düşük Yağış Uyarısı', 'Son 2 haftada yağış miktarı ortalamanın altında kaldı', 8);
